<?xml version="1.0" encoding="UTF-8"?>
<config xmlns="http://www.knime.org/2008/09/XMLConfig" xmlns:xsi="http://www.w3.org/2001/XMLSchema-instance" xsi:schemaLocation="http://www.knime.org/2008/09/XMLConfig http://www.knime.org/XMLConfig_2008_09.xsd" key="MiningSchema">
<config key="learning">
<entry key="array-size" type="xint" value="12"/>
<entry key="0" type="xstring" value="BKX1"/>
<entry key="1" type="xstring" value="BKX2"/>
<entry key="2" type="xstring" value="BKY1"/>
<entry key="3" type="xstring" value="BKY2"/>
<entry key="4" type="xstring" value="WKX1"/>
<entry key="5" type="xstring" value="WKX2"/>
<entry key="6" type="xstring" value="WKY1"/>
<entry key="7" type="xstring" value="WKY2"/>
<entry key="8" type="xstring" value="WRX1"/>
<entry key="9" type="xstring" value="WRX2"/>
<entry key="10" type="xstring" value="WRY1"/>
<entry key="11" type="xstring" value="WRY2"/>
</config>
<config key="target">
<entry key="array-size" type="xint" value="1"/>
<entry key="0" type="xstring" value="class"/>
</config>
</config>
